,paths,classes_idx,classes_names
0,111085122871_0.JPG,0,bicycle_final
1,111085122871_1.JPG,0,bicycle_final
2,111085122871_2.JPG,0,bicycle_final
3,111085122871_3.JPG,0,bicycle_final
4,111085122871_4.JPG,0,bicycle_final
5,111085122871_5.JPG,0,bicycle_final
6,111085122871_6.JPG,0,bicycle_final
7,111085122871_7.JPG,0,bicycle_final
8,111265328556_0.JPG,0,bicycle_final
9,111265328556_1.JPG,0,bicycle_final
10,111265328556_2.JPG,0,bicycle_final
11,111265328556_3.JPG,0,bicycle_final
12,111265328556_4.JPG,0,bicycle_final
13,111265328556_5.JPG,0,bicycle_final
14,111265328556_6.JPG,0,bicycle_final
15,111265348817_0.JPG,0,bicycle_final
16,111265348817_1.JPG,0,bicycle_final
17,111265348817_2.JPG,0,bicycle_final
18,111265348817_3.JPG,0,bicycle_final
19,111265348817_4.JPG,0,bicycle_final
20,111375616144_0.JPG,0,bicycle_final
21,111375616144_1.JPG,0,bicycle_final
22,111375616144_2.JPG,0,bicycle_final
23,111375616144_3.JPG,0,bicycle_final
24,111375616144_4.JPG,0,bicycle_final
25,111375616144_5.JPG,0,bicycle_final
26,111375616144_6.JPG,0,bicycle_final
27,111375616144_7.JPG,0,bicycle_final
28,111375616144_8.JPG,0,bicycle_final
29,111469262153_0.JPG,0,bicycle_final
30,111469262153_1.JPG,0,bicycle_final
31,111476691561_0.JPG,0,bicycle_final
32,111476691561_1.JPG,0,bicycle_final
33,111476691561_2.JPG,0,bicycle_final
34,111476691561_3.JPG,0,bicycle_final
35,111476691561_4.JPG,0,bicycle_final
36,111476691561_5.JPG,0,bicycle_final
37,111476691561_6.JPG,0,bicycle_final
38,111476691561_7.JPG,0,bicycle_final
39,111476691561_8.JPG,0,bicycle_final
40,111476691561_9.JPG,0,bicycle_final
41,111502876121_0.JPG,0,bicycle_final
42,111502876121_1.JPG,0,bicycle_final
43,111502876121_10.JPG,0,bicycle_final
44,111502876121_11.JPG,0,bicycle_final
45,111502876121_2.JPG,0,bicycle_final
46,111502876121_3.JPG,0,bicycle_final
47,111502876121_4.JPG,0,bicycle_final
48,111502876121_5.JPG,0,bicycle_final
49,111502876121_6.JPG,0,bicycle_final
50,111502876121_7.JPG,0,bicycle_final
51,111502876121_8.JPG,0,bicycle_final
52,111502876121_9.JPG,0,bicycle_final
53,111570592148_0.JPG,0,bicycle_final
54,111570592148_1.JPG,0,bicycle_final
55,111579336659_0.JPG,0,bicycle_final
56,111579336659_1.JPG,0,bicycle_final
57,111579336659_2.JPG,0,bicycle_final
58,111579336659_3.JPG,0,bicycle_final
59,111584821699_0.JPG,0,bicycle_final
60,111584821699_1.JPG,0,bicycle_final
61,111584821699_2.JPG,0,bicycle_final
62,111588452395_0.JPG,0,bicycle_final
63,111588452395_1.JPG,0,bicycle_final
64,111588452395_2.JPG,0,bicycle_final
65,111606776603_0.JPG,0,bicycle_final
66,111606776603_1.JPG,0,bicycle_final
67,111606776603_2.JPG,0,bicycle_final
68,111611735309_0.JPG,0,bicycle_final
69,111611735309_1.JPG,0,bicycle_final
70,111611735309_2.JPG,0,bicycle_final
71,111612717975_0.JPG,0,bicycle_final
72,111612717975_1.JPG,0,bicycle_final
73,111612717975_2.JPG,0,bicycle_final
74,111612717975_3.JPG,0,bicycle_final
75,111612717975_4.JPG,0,bicycle_final
76,111612717975_5.JPG,0,bicycle_final
77,111620439270_0.JPG,0,bicycle_final
78,111620439270_1.JPG,0,bicycle_final
79,111620439270_2.JPG,0,bicycle_final
80,111620439270_3.JPG,0,bicycle_final
81,111620439270_4.JPG,0,bicycle_final
82,111620439270_5.JPG,0,bicycle_final
83,111645993618_0.JPG,0,bicycle_final
84,111645993618_1.JPG,0,bicycle_final
85,111645993618_2.JPG,0,bicycle_final
86,111645993618_3.JPG,0,bicycle_final
87,111646738161_0.JPG,0,bicycle_final
88,111646738161_1.JPG,0,bicycle_final
89,111646738161_2.JPG,0,bicycle_final
90,111646738161_3.JPG,0,bicycle_final
91,111646738161_4.JPG,0,bicycle_final
92,111646738161_5.JPG,0,bicycle_final
93,111646738161_6.JPG,0,bicycle_final
94,110715681235_0.JPG,1,cabinet_final
95,110715681235_1.JPG,1,cabinet_final
96,110715681235_2.JPG,1,cabinet_final
97,110715681235_3.JPG,1,cabinet_final
98,110772549327_0.JPG,1,cabinet_final
99,110772549327_1.JPG,1,cabinet_final
100,110772549327_2.JPG,1,cabinet_final
101,110879751691_0.JPG,1,cabinet_final
102,110879751691_1.JPG,1,cabinet_final
103,111019091919_0.JPG,1,cabinet_final
104,111019091919_1.JPG,1,cabinet_final
105,111126460652_0.JPG,1,cabinet_final
106,111126460652_1.JPG,1,cabinet_final
107,111126460652_2.JPG,1,cabinet_final
108,111126460652_3.JPG,1,cabinet_final
109,111126460652_4.JPG,1,cabinet_final
110,111126460652_5.JPG,1,cabinet_final
111,111126460652_6.JPG,1,cabinet_final
112,111126460652_7.JPG,1,cabinet_final
113,111126460652_8.JPG,1,cabinet_final
114,111139380030_0.JPG,1,cabinet_final
115,111139380030_1.JPG,1,cabinet_final
116,111139380030_2.JPG,1,cabinet_final
117,111175823336_0.JPG,1,cabinet_final
118,111175823336_1.JPG,1,cabinet_final
119,111175823336_2.JPG,1,cabinet_final
120,111207649069_0.JPG,1,cabinet_final
121,111207649069_1.JPG,1,cabinet_final
122,111233453194_0.JPG,1,cabinet_final
123,111233453194_1.JPG,1,cabinet_final
124,111290329453_0.JPG,1,cabinet_final
125,111290329453_1.JPG,1,cabinet_final
126,111290329453_2.JPG,1,cabinet_final
127,111290329453_3.JPG,1,cabinet_final
128,111290417377_0.JPG,1,cabinet_final
129,111290417377_1.JPG,1,cabinet_final
130,111290417377_2.JPG,1,cabinet_final
131,111290417377_3.JPG,1,cabinet_final
132,111290417377_4.JPG,1,cabinet_final
133,111290417377_5.JPG,1,cabinet_final
134,111290417377_6.JPG,1,cabinet_final
135,111314458314_0.JPG,1,cabinet_final
136,111314458314_1.JPG,1,cabinet_final
137,111373784787_0.JPG,1,cabinet_final
138,111373784787_1.JPG,1,cabinet_final
139,111373791770_0.JPG,1,cabinet_final
140,111373791770_1.JPG,1,cabinet_final
141,111377277726_0.JPG,1,cabinet_final
142,111377277726_1.JPG,1,cabinet_final
143,111377277726_2.JPG,1,cabinet_final
144,111377277726_3.JPG,1,cabinet_final
145,111377277726_4.JPG,1,cabinet_final
146,111407785934_0.JPG,1,cabinet_final
147,111407785934_1.JPG,1,cabinet_final
148,111407785934_2.JPG,1,cabinet_final
149,111407785934_3.JPG,1,cabinet_final
150,111407785934_4.JPG,1,cabinet_final
151,111407785934_5.JPG,1,cabinet_final
152,111411279946_0.JPG,1,cabinet_final
153,111411279946_1.JPG,1,cabinet_final
154,111411279946_2.JPG,1,cabinet_final
155,111411279946_3.JPG,1,cabinet_final
156,111411435862_0.JPG,1,cabinet_final
157,111411435862_1.JPG,1,cabinet_final
158,111411435862_2.JPG,1,cabinet_final
159,111461439318_0.JPG,1,cabinet_final
160,111461439318_1.JPG,1,cabinet_final
161,111461439318_2.JPG,1,cabinet_final
162,111461439318_3.JPG,1,cabinet_final
163,111461439318_4.JPG,1,cabinet_final
164,111461439318_5.JPG,1,cabinet_final
165,111461439318_6.JPG,1,cabinet_final
166,111461439318_7.JPG,1,cabinet_final
167,111461439318_8.JPG,1,cabinet_final
168,111461439318_9.JPG,1,cabinet_final
169,111496995465_0.JPG,1,cabinet_final
170,111496995465_1.JPG,1,cabinet_final
171,111496995465_2.JPG,1,cabinet_final
172,111496995465_3.JPG,1,cabinet_final
173,111496995465_4.JPG,1,cabinet_final
174,111496995465_5.JPG,1,cabinet_final
175,111496995465_6.JPG,1,cabinet_final
176,111496995465_7.JPG,1,cabinet_final
177,111543643626_0.JPG,1,cabinet_final
178,110917205598_0.JPG,2,chair_final
179,110917205598_1.JPG,2,chair_final
180,110917205598_2.JPG,2,chair_final
181,110945082833_0.JPG,2,chair_final
182,110945082833_1.JPG,2,chair_final
183,110974308217_0.JPG,2,chair_final
184,110974308217_1.JPG,2,chair_final
185,110985743889_0.JPG,2,chair_final
186,110985743889_1.JPG,2,chair_final
187,110985743889_2.JPG,2,chair_final
188,110985743889_3.JPG,2,chair_final
189,110985743889_4.JPG,2,chair_final
190,110985743889_5.JPG,2,chair_final
191,110997752146_0.JPG,2,chair_final
192,110997752146_1.JPG,2,chair_final
193,110997752146_2.JPG,2,chair_final
194,110997752146_3.JPG,2,chair_final
195,110997754036_0.JPG,2,chair_final
196,110997754036_1.JPG,2,chair_final
197,110997754036_2.JPG,2,chair_final
198,110997754036_3.JPG,2,chair_final
199,111045530196_0.JPG,2,chair_final
200,111045530196_1.JPG,2,chair_final
201,111045531848_0.JPG,2,chair_final
202,111045531848_1.JPG,2,chair_final
203,111057380263_0.JPG,2,chair_final
204,111057380263_1.JPG,2,chair_final
205,111182689872_0.JPG,2,chair_final
206,111182689872_1.JPG,2,chair_final
207,111182761209_0.JPG,2,chair_final
208,111182761209_1.JPG,2,chair_final
209,111209083885_0.JPG,2,chair_final
210,111209083885_1.JPG,2,chair_final
211,111209083885_2.JPG,2,chair_final
212,111209083885_3.JPG,2,chair_final
213,111209083885_4.JPG,2,chair_final
214,111209083885_5.JPG,2,chair_final
215,111299710998_0.JPG,2,chair_final
216,111299710998_1.JPG,2,chair_final
217,111318213727_0.JPG,2,chair_final
218,111318213727_1.JPG,2,chair_final
219,111318213727_2.JPG,2,chair_final
220,111318213727_3.JPG,2,chair_final
221,111327347090_0.JPG,2,chair_final
222,111327347090_1.JPG,2,chair_final
223,111327347090_2.JPG,2,chair_final
224,111330189310_0.JPG,2,chair_final
225,111330189310_1.JPG,2,chair_final
226,111330189310_2.JPG,2,chair_final
227,111343661018_0.JPG,2,chair_final
228,111343661018_1.JPG,2,chair_final
229,111343661018_2.JPG,2,chair_final
230,111343661018_3.JPG,2,chair_final
231,111346987867_0.JPG,2,chair_final
232,111346987867_1.JPG,2,chair_final
233,111346987867_2.JPG,2,chair_final
234,111346987867_3.JPG,2,chair_final
235,111346987867_4.JPG,2,chair_final
236,111346987867_5.JPG,2,chair_final
237,111422030031_0.JPG,2,chair_final
238,111422030031_1.JPG,2,chair_final
239,111422030031_2.JPG,2,chair_final
240,111460548641_0.JPG,2,chair_final
241,111460548641_1.JPG,2,chair_final
242,111460548641_2.JPG,2,chair_final
243,111460548641_3.JPG,2,chair_final
244,111460548641_4.JPG,2,chair_final
245,111464944659_0.JPG,2,chair_final
246,111464944659_1.JPG,2,chair_final
247,111479858992_0.JPG,2,chair_final
248,111479858992_1.JPG,2,chair_final
249,111479858992_2.JPG,2,chair_final
250,111481153232_0.JPG,2,chair_final
251,111481153232_1.JPG,2,chair_final
252,111481153232_2.JPG,2,chair_final
253,111481153232_3.JPG,2,chair_final
254,111481153232_4.JPG,2,chair_final
255,111481153232_5.JPG,2,chair_final
256,110763216125_0.JPG,3,coffee_maker_final
257,110763216125_1.JPG,3,coffee_maker_final
258,110763216125_10.JPG,3,coffee_maker_final
259,110763216125_11.JPG,3,coffee_maker_final
260,110763216125_2.JPG,3,coffee_maker_final
261,110763216125_3.JPG,3,coffee_maker_final
262,110763216125_4.JPG,3,coffee_maker_final
263,110763216125_5.JPG,3,coffee_maker_final
264,110763216125_6.JPG,3,coffee_maker_final
265,110763216125_7.JPG,3,coffee_maker_final
266,110763216125_8.JPG,3,coffee_maker_final
267,110763216125_9.JPG,3,coffee_maker_final
268,111004033259_0.JPG,3,coffee_maker_final
269,111004033259_1.JPG,3,coffee_maker_final
270,111007917663_0.JPG,3,coffee_maker_final
271,111007917663_1.JPG,3,coffee_maker_final
272,111356825756_0.JPG,3,coffee_maker_final
273,111356825756_1.JPG,3,coffee_maker_final
274,111356825756_2.JPG,3,coffee_maker_final
275,111356825756_3.JPG,3,coffee_maker_final
276,111392055458_0.JPG,3,coffee_maker_final
277,111392055458_1.JPG,3,coffee_maker_final
278,111392055458_2.JPG,3,coffee_maker_final
279,111392055458_3.JPG,3,coffee_maker_final
280,111552389519_0.JPG,3,coffee_maker_final
281,111552389519_1.JPG,3,coffee_maker_final
282,111552389519_2.JPG,3,coffee_maker_final
283,111564645208_0.JPG,3,coffee_maker_final
284,111564645208_1.JPG,3,coffee_maker_final
285,111564645208_2.JPG,3,coffee_maker_final
286,111572613827_0.JPG,3,coffee_maker_final
287,111572613827_1.JPG,3,coffee_maker_final
288,111572613827_2.JPG,3,coffee_maker_final
289,111572613827_3.JPG,3,coffee_maker_final
290,111572613827_4.JPG,3,coffee_maker_final
291,111572613827_5.JPG,3,coffee_maker_final
292,111572613827_6.JPG,3,coffee_maker_final
293,111572613827_7.JPG,3,coffee_maker_final
294,111573573791_0.JPG,3,coffee_maker_final
295,111573573791_1.JPG,3,coffee_maker_final
296,111573573791_2.JPG,3,coffee_maker_final
297,111573573791_3.JPG,3,coffee_maker_final
298,111576793792_0.JPG,3,coffee_maker_final
299,111576793792_1.JPG,3,coffee_maker_final
300,111600618962_0.JPG,3,coffee_maker_final
301,111600618962_1.JPG,3,coffee_maker_final
302,111606600068_0.JPG,3,coffee_maker_final
303,111606600068_1.JPG,3,coffee_maker_final
304,111606600068_2.JPG,3,coffee_maker_final
305,111606600068_3.JPG,3,coffee_maker_final
306,111606600068_4.JPG,3,coffee_maker_final
307,111606600068_5.JPG,3,coffee_maker_final
308,111609914116_0.JPG,3,coffee_maker_final
309,111609914116_1.JPG,3,coffee_maker_final
310,111609914116_10.JPG,3,coffee_maker_final
311,111609914116_11.JPG,3,coffee_maker_final
312,111609914116_2.JPG,3,coffee_maker_final
313,111609914116_3.JPG,3,coffee_maker_final
314,111609914116_4.JPG,3,coffee_maker_final
315,111609914116_5.JPG,3,coffee_maker_final
316,111609914116_6.JPG,3,coffee_maker_final
317,111609914116_7.JPG,3,coffee_maker_final
318,111609914116_8.JPG,3,coffee_maker_final
319,111609914116_9.JPG,3,coffee_maker_final
320,111627667715_0.JPG,3,coffee_maker_final
321,111627667715_1.JPG,3,coffee_maker_final
322,111627667715_2.JPG,3,coffee_maker_final
323,111628221703_0.JPG,3,coffee_maker_final
324,111628221703_1.JPG,3,coffee_maker_final
325,111632481468_0.JPG,3,coffee_maker_final
326,111632481468_1.JPG,3,coffee_maker_final
327,111632600622_0.JPG,3,coffee_maker_final
328,111632600622_1.JPG,3,coffee_maker_final
329,111632600622_2.JPG,3,coffee_maker_final
330,111632600622_3.JPG,3,coffee_maker_final
331,111632600622_4.JPG,3,coffee_maker_final
332,111632600707_0.JPG,3,coffee_maker_final
333,111632600707_1.JPG,3,coffee_maker_final
334,111632600707_2.JPG,3,coffee_maker_final
335,111632601358_0.JPG,3,coffee_maker_final
336,111632601358_1.JPG,3,coffee_maker_final
337,111632601358_2.JPG,3,coffee_maker_final
338,111632601358_3.JPG,3,coffee_maker_final
339,111632601358_4.JPG,3,coffee_maker_final
340,111632601358_5.JPG,3,coffee_maker_final
341,111642486523_0.JPG,3,coffee_maker_final
342,111642486523_1.JPG,3,coffee_maker_final
343,111642486523_2.JPG,3,coffee_maker_final
344,111428753355_0.JPG,4,fan_final
345,111428753355_1.JPG,4,fan_final
346,111428753355_10.JPG,4,fan_final
347,111428753355_11.JPG,4,fan_final
348,111428753355_2.JPG,4,fan_final
349,111428753355_3.JPG,4,fan_final
350,111428753355_4.JPG,4,fan_final
351,111428753355_5.JPG,4,fan_final
352,111428753355_6.JPG,4,fan_final
353,111428753355_7.JPG,4,fan_final
354,111428753355_8.JPG,4,fan_final
355,111428753355_9.JPG,4,fan_final
356,111579580916_0.JPG,4,fan_final
357,111579580916_1.JPG,4,fan_final
358,111581379351_0.JPG,4,fan_final
359,111581379351_1.JPG,4,fan_final
360,111621485335_0.JPG,4,fan_final
361,111621485335_1.JPG,4,fan_final
362,111621485335_2.JPG,4,fan_final
363,111625824148_0.JPG,4,fan_final
364,111625824148_1.JPG,4,fan_final
365,111625824148_2.JPG,4,fan_final
366,111632466184_0.JPG,4,fan_final
367,111632466184_1.JPG,4,fan_final
368,111632466184_10.JPG,4,fan_final
369,111632466184_2.JPG,4,fan_final
370,111632466184_3.JPG,4,fan_final
371,111632466184_4.JPG,4,fan_final
372,111632466184_5.JPG,4,fan_final
373,111632466184_6.JPG,4,fan_final
374,111632466184_7.JPG,4,fan_final
375,111632466184_8.JPG,4,fan_final
376,111632466184_9.JPG,4,fan_final
377,111661790612_0.JPG,4,fan_final
378,111661790612_1.JPG,4,fan_final
379,111661790612_2.JPG,4,fan_final
380,111661790612_3.JPG,4,fan_final
381,111661790612_4.JPG,4,fan_final
382,111661790612_5.JPG,4,fan_final
383,111661790612_6.JPG,4,fan_final
384,111670018830_0.JPG,4,fan_final
385,111670018830_1.JPG,4,fan_final
386,111670018830_2.JPG,4,fan_final
387,111670018830_3.JPG,4,fan_final
388,111670018830_4.JPG,4,fan_final
389,111670018830_5.JPG,4,fan_final
390,111670018830_6.JPG,4,fan_final
391,111670018830_7.JPG,4,fan_final
392,111676423829_0.JPG,4,fan_final
393,111676423829_1.JPG,4,fan_final
394,111676423829_10.JPG,4,fan_final
395,111676423829_11.JPG,4,fan_final
396,111676423829_2.JPG,4,fan_final
397,111676423829_3.JPG,4,fan_final
398,111676423829_4.JPG,4,fan_final
399,111676423829_5.JPG,4,fan_final
400,111676423829_6.JPG,4,fan_final
401,111676423829_7.JPG,4,fan_final
402,111676423829_8.JPG,4,fan_final
403,111676423829_9.JPG,4,fan_final
404,111677203604_0.JPG,4,fan_final
405,111677203604_1.JPG,4,fan_final
406,111677203604_2.JPG,4,fan_final
407,111677203604_3.JPG,4,fan_final
408,111682557373_0.JPG,4,fan_final
409,111682557373_1.JPG,4,fan_final
410,111682557373_10.JPG,4,fan_final
411,111682557373_2.JPG,4,fan_final
412,111682557373_3.JPG,4,fan_final
413,111682557373_4.JPG,4,fan_final
414,111682557373_5.JPG,4,fan_final
415,111682557373_6.JPG,4,fan_final
416,111682557373_7.JPG,4,fan_final
417,111682557373_8.JPG,4,fan_final
418,111682557373_9.JPG,4,fan_final
419,111684144875_0.JPG,4,fan_final
420,111684144875_1.JPG,4,fan_final
421,111684144875_2.JPG,4,fan_final
422,111690429635_0.JPG,4,fan_final
423,111690429635_1.JPG,4,fan_final
424,111690429635_2.JPG,4,fan_final
425,111690429635_3.JPG,4,fan_final
426,111696108682_0.JPG,4,fan_final
427,111696108682_1.JPG,4,fan_final
428,111696108682_2.JPG,4,fan_final
429,111696108682_3.JPG,4,fan_final
430,111696108682_4.JPG,4,fan_final
431,111696108682_5.JPG,4,fan_final
432,111696108682_6.JPG,4,fan_final
433,111696108682_7.JPG,4,fan_final
434,111696972014_0.JPG,4,fan_final
435,110878471151_0.JPG,5,kettle_final
436,110878471151_1.JPG,5,kettle_final
437,110878471151_2.JPG,5,kettle_final
438,110878471151_3.JPG,5,kettle_final
439,111169942421_0.JPG,5,kettle_final
440,111169942421_1.JPG,5,kettle_final
441,111169942421_2.JPG,5,kettle_final
442,111169942421_3.JPG,5,kettle_final
443,111169942421_4.JPG,5,kettle_final
444,111169942421_5.JPG,5,kettle_final
445,111173525443_0.JPG,5,kettle_final
446,111173525443_1.JPG,5,kettle_final
447,111173525443_2.JPG,5,kettle_final
448,111173525443_3.JPG,5,kettle_final
449,111332819172_0.JPG,5,kettle_final
450,111332819172_1.JPG,5,kettle_final
451,111332819172_2.JPG,5,kettle_final
452,111332819172_3.JPG,5,kettle_final
453,111376314165_0.JPG,5,kettle_final
454,111376314165_1.JPG,5,kettle_final
455,111376314165_2.JPG,5,kettle_final
456,111392714110_0.JPG,5,kettle_final
457,111392714110_1.JPG,5,kettle_final
458,111399602332_0.JPG,5,kettle_final
459,111399602332_1.JPG,5,kettle_final
460,111399602332_10.JPG,5,kettle_final
461,111399602332_11.JPG,5,kettle_final
462,111399602332_2.JPG,5,kettle_final
463,111399602332_3.JPG,5,kettle_final
464,111399602332_4.JPG,5,kettle_final
465,111399602332_5.JPG,5,kettle_final
466,111399602332_6.JPG,5,kettle_final
467,111399602332_7.JPG,5,kettle_final
468,111399602332_8.JPG,5,kettle_final
469,111399602332_9.JPG,5,kettle_final
470,111403816025_0.JPG,5,kettle_final
471,111403816025_1.JPG,5,kettle_final
472,111403816025_2.JPG,5,kettle_final
473,111403816025_3.JPG,5,kettle_final
474,111403816025_4.JPG,5,kettle_final
475,111428503172_0.JPG,5,kettle_final
476,111428503172_1.JPG,5,kettle_final
477,111476369192_0.JPG,5,kettle_final
478,111476369192_1.JPG,5,kettle_final
479,111476369192_2.JPG,5,kettle_final
480,111535609562_0.JPG,5,kettle_final
481,111535609562_1.JPG,5,kettle_final
482,111535609562_2.JPG,5,kettle_final
483,111556695871_0.JPG,5,kettle_final
484,111556695871_1.JPG,5,kettle_final
485,111556695871_2.JPG,5,kettle_final
486,111562791658_0.JPG,5,kettle_final
487,111562791658_1.JPG,5,kettle_final
488,111562791658_2.JPG,5,kettle_final
489,111562791658_3.JPG,5,kettle_final
490,111562791658_4.JPG,5,kettle_final
491,111562791658_5.JPG,5,kettle_final
492,111565771414_0.JPG,5,kettle_final
493,111565771414_1.JPG,5,kettle_final
494,111565771414_2.JPG,5,kettle_final
495,111565771414_3.JPG,5,kettle_final
496,111565771414_4.JPG,5,kettle_final
497,111572528769_0.JPG,5,kettle_final
498,111572528769_1.JPG,5,kettle_final
499,111572528769_10.JPG,5,kettle_final
500,111572528769_11.JPG,5,kettle_final
501,111572528769_2.JPG,5,kettle_final
502,111572528769_3.JPG,5,kettle_final
503,111572528769_4.JPG,5,kettle_final
504,111572528769_5.JPG,5,kettle_final
505,111572528769_6.JPG,5,kettle_final
506,111572528769_7.JPG,5,kettle_final
507,111572528769_8.JPG,5,kettle_final
508,111572528769_9.JPG,5,kettle_final
509,111584612411_0.JPG,5,kettle_final
510,111584612411_1.JPG,5,kettle_final
511,111584612411_2.JPG,5,kettle_final
512,111584612411_3.JPG,5,kettle_final
513,111584612411_4.JPG,5,kettle_final
514,111584612411_5.JPG,5,kettle_final
515,111598451635_0.JPG,5,kettle_final
516,111598451635_1.JPG,5,kettle_final
517,111598451635_2.JPG,5,kettle_final
518,111598451635_3.JPG,5,kettle_final
519,111598451635_4.JPG,5,kettle_final
520,111598451635_5.JPG,5,kettle_final
521,111598451635_6.JPG,5,kettle_final
522,111598451635_7.JPG,5,kettle_final
523,111606586094_0.JPG,5,kettle_final
524,111606586094_1.JPG,5,kettle_final
525,111606586094_2.JPG,5,kettle_final
526,111606586094_3.JPG,5,kettle_final
527,111606586094_4.JPG,5,kettle_final
528,111606586094_5.JPG,5,kettle_final
529,111606586094_6.JPG,5,kettle_final
530,111606586094_7.JPG,5,kettle_final
531,111606586094_8.JPG,5,kettle_final
532,111235548122_0.JPG,6,lamp_final
533,111235548122_1.JPG,6,lamp_final
534,111235548122_2.JPG,6,lamp_final
535,111257496259_0.JPG,6,lamp_final
536,111257496259_1.JPG,6,lamp_final
537,111257496259_2.JPG,6,lamp_final
538,111257496259_3.JPG,6,lamp_final
539,111257496259_4.JPG,6,lamp_final
540,111257496259_5.JPG,6,lamp_final
541,111257496259_6.JPG,6,lamp_final
542,111257496259_7.JPG,6,lamp_final
543,111257496259_8.JPG,6,lamp_final
544,111257496259_9.JPG,6,lamp_final
545,111280922643_0.JPG,6,lamp_final
546,111280922643_1.JPG,6,lamp_final
547,111280922643_2.JPG,6,lamp_final
548,111289029887_0.JPG,6,lamp_final
549,111289029887_1.JPG,6,lamp_final
550,111289029887_2.JPG,6,lamp_final
551,111289029887_3.JPG,6,lamp_final
552,111289029887_4.JPG,6,lamp_final
553,111289029887_5.JPG,6,lamp_final
554,111289029887_6.JPG,6,lamp_final
555,111289029887_7.JPG,6,lamp_final
556,111289029887_8.JPG,6,lamp_final
557,111295235901_0.JPG,6,lamp_final
558,111295235901_1.JPG,6,lamp_final
559,111299756188_0.JPG,6,lamp_final
560,111299756188_1.JPG,6,lamp_final
561,111299756188_2.JPG,6,lamp_final
562,111299756188_3.JPG,6,lamp_final
563,111299756188_4.JPG,6,lamp_final
564,111317165907_0.JPG,6,lamp_final
565,111317165907_1.JPG,6,lamp_final
566,111317165907_2.JPG,6,lamp_final
567,111317165907_3.JPG,6,lamp_final
568,111343254778_0.JPG,6,lamp_final
569,111343254778_1.JPG,6,lamp_final
570,111343254778_2.JPG,6,lamp_final
571,111343254778_3.JPG,6,lamp_final
572,111359755087_0.JPG,6,lamp_final
573,111359755087_1.JPG,6,lamp_final
574,111359755087_2.JPG,6,lamp_final
575,111359755087_3.JPG,6,lamp_final
576,111363805268_0.JPG,6,lamp_final
577,111363805268_1.JPG,6,lamp_final
578,111364971544_0.JPG,6,lamp_final
579,111364971544_1.JPG,6,lamp_final
580,111364971544_2.JPG,6,lamp_final
581,111364971544_3.JPG,6,lamp_final
582,111385241648_0.JPG,6,lamp_final
583,111385241648_1.JPG,6,lamp_final
584,111385283871_0.JPG,6,lamp_final
585,111385283871_1.JPG,6,lamp_final
586,111385283871_2.JPG,6,lamp_final
587,111408137900_0.JPG,6,lamp_final
588,111408137900_1.JPG,6,lamp_final
589,111408137900_2.JPG,6,lamp_final
590,111408137900_3.JPG,6,lamp_final
591,111408231852_0.JPG,6,lamp_final
592,111408231852_1.JPG,6,lamp_final
593,111408231852_2.JPG,6,lamp_final
594,111408231852_3.JPG,6,lamp_final
595,111408231852_4.JPG,6,lamp_final
596,111423787062_0.JPG,6,lamp_final
597,111423787062_1.JPG,6,lamp_final
598,111423787062_10.JPG,6,lamp_final
599,111423787062_11.JPG,6,lamp_final
600,111423787062_2.JPG,6,lamp_final
601,111423787062_3.JPG,6,lamp_final
602,111423787062_4.JPG,6,lamp_final
603,111423787062_5.JPG,6,lamp_final
604,111423787062_6.JPG,6,lamp_final
605,111423787062_7.JPG,6,lamp_final
606,111423787062_8.JPG,6,lamp_final
607,111423787062_9.JPG,6,lamp_final
608,111445908932_0.JPG,6,lamp_final
609,111445908932_1.JPG,6,lamp_final
610,111520288324_0.JPG,6,lamp_final
611,111520288324_1.JPG,6,lamp_final
612,111529435001_0.JPG,6,lamp_final
613,111529435001_1.JPG,6,lamp_final
614,111529435001_10.JPG,6,lamp_final
615,111529435001_2.JPG,6,lamp_final
616,111529435001_3.JPG,6,lamp_final
617,111529435001_4.JPG,6,lamp_final
618,111529435001_5.JPG,6,lamp_final
619,111529435001_6.JPG,6,lamp_final
620,111529435001_7.JPG,6,lamp_final
621,111529435001_8.JPG,6,lamp_final
622,111529435001_9.JPG,6,lamp_final
623,111530382455_0.JPG,6,lamp_final
624,111530382455_1.JPG,6,lamp_final
625,111284089309_0.JPG,7,mug_final
626,111284089309_1.JPG,7,mug_final
627,111412098704_0.JPG,7,mug_final
628,111412098704_1.JPG,7,mug_final
629,111417788310_0.JPG,7,mug_final
630,111417788310_1.JPG,7,mug_final
631,111417788310_2.JPG,7,mug_final
632,111417788310_3.JPG,7,mug_final
633,111428085328_0.JPG,7,mug_final
634,111428085328_1.JPG,7,mug_final
635,111474862875_0.JPG,7,mug_final
636,111474862875_1.JPG,7,mug_final
637,111509998125_0.JPG,7,mug_final
638,111509998125_1.JPG,7,mug_final
639,111509998125_2.JPG,7,mug_final
640,111509998125_3.JPG,7,mug_final
641,111559643593_0.JPG,7,mug_final
642,111559643593_1.JPG,7,mug_final
643,111559643593_2.JPG,7,mug_final
644,111559643593_3.JPG,7,mug_final
645,111559643593_4.JPG,7,mug_final
646,111559643593_5.JPG,7,mug_final
647,111559643593_6.JPG,7,mug_final
648,111571449274_0.JPG,7,mug_final
649,111571449274_1.JPG,7,mug_final
650,111571449274_2.JPG,7,mug_final
651,111577915682_0.JPG,7,mug_final
652,111577915682_1.JPG,7,mug_final
653,111578065451_0.JPG,7,mug_final
654,111578065451_1.JPG,7,mug_final
655,111578065451_2.JPG,7,mug_final
656,111597687389_0.JPG,7,mug_final
657,111597687389_1.JPG,7,mug_final
658,111597687389_2.JPG,7,mug_final
659,111597687389_3.JPG,7,mug_final
660,111597687389_4.JPG,7,mug_final
661,111597687389_5.JPG,7,mug_final
662,111620971999_0.JPG,7,mug_final
663,111620971999_1.JPG,7,mug_final
664,111620971999_2.JPG,7,mug_final
665,111620971999_3.JPG,7,mug_final
666,111620971999_4.JPG,7,mug_final
667,111634979218_0.JPG,7,mug_final
668,111634979218_1.JPG,7,mug_final
669,111634979218_2.JPG,7,mug_final
670,111634979218_3.JPG,7,mug_final
671,111634979218_4.JPG,7,mug_final
672,111634979218_5.JPG,7,mug_final
673,111634979218_6.JPG,7,mug_final
674,111641075307_0.JPG,7,mug_final
675,111641075307_1.JPG,7,mug_final
676,111641075307_2.JPG,7,mug_final
677,111641075307_3.JPG,7,mug_final
678,111641075307_4.JPG,7,mug_final
679,111641075307_5.JPG,7,mug_final
680,111641075307_6.JPG,7,mug_final
681,111653710221_0.JPG,7,mug_final
682,111653710221_1.JPG,7,mug_final
683,111653710221_2.JPG,7,mug_final
684,111653710221_3.JPG,7,mug_final
685,111653710221_4.JPG,7,mug_final
686,111653710221_5.JPG,7,mug_final
687,111653742413_0.JPG,7,mug_final
688,111653742413_1.JPG,7,mug_final
689,111653742413_2.JPG,7,mug_final
690,111653742413_3.JPG,7,mug_final
691,111653742413_4.JPG,7,mug_final
692,111653742413_5.JPG,7,mug_final
693,111653742413_6.JPG,7,mug_final
694,111656854497_0.JPG,7,mug_final
695,111656854497_1.JPG,7,mug_final
696,111656854497_2.JPG,7,mug_final
697,111656854497_3.JPG,7,mug_final
698,111660616767_0.JPG,7,mug_final
699,111660616767_1.JPG,7,mug_final
700,111660616767_2.JPG,7,mug_final
701,111660616767_3.JPG,7,mug_final
702,111660616767_4.JPG,7,mug_final
703,111663131593_0.JPG,7,mug_final
704,111663131593_1.JPG,7,mug_final
705,111663131593_2.JPG,7,mug_final
706,111663131593_3.JPG,7,mug_final
707,111663131593_4.JPG,7,mug_final
708,111663131593_5.JPG,7,mug_final
709,111670111961_0.JPG,7,mug_final
710,111670111961_1.JPG,7,mug_final
711,111670111961_2.JPG,7,mug_final
712,111678322026_0.JPG,7,mug_final
713,111678322026_1.JPG,7,mug_final
714,111678322026_2.JPG,7,mug_final
715,111678322026_3.JPG,7,mug_final
716,111678322026_4.JPG,7,mug_final
717,111681760392_0.JPG,7,mug_final
718,111681760392_1.JPG,7,mug_final
719,111681760392_2.JPG,7,mug_final
720,111681760392_3.JPG,7,mug_final
721,111681841979_0.JPG,7,mug_final
722,111681841979_1.JPG,7,mug_final
723,111681841979_2.JPG,7,mug_final
724,111681841979_3.JPG,7,mug_final
725,111681841979_4.JPG,7,mug_final
726,111681841979_5.JPG,7,mug_final
727,111681841979_6.JPG,7,mug_final
728,111682366517_0.JPG,7,mug_final
729,111682366517_1.JPG,7,mug_final
730,111682366517_2.JPG,7,mug_final
731,110434895315_0.JPG,8,sofa_final
732,110434895315_1.JPG,8,sofa_final
733,110434895315_10.JPG,8,sofa_final
734,110434895315_11.JPG,8,sofa_final
735,110434895315_2.JPG,8,sofa_final
736,110434895315_3.JPG,8,sofa_final
737,110434895315_4.JPG,8,sofa_final
738,110434895315_5.JPG,8,sofa_final
739,110434895315_6.JPG,8,sofa_final
740,110434895315_7.JPG,8,sofa_final
741,110434895315_8.JPG,8,sofa_final
742,110434895315_9.JPG,8,sofa_final
743,110891955769_0.JPG,8,sofa_final
744,110891955769_1.JPG,8,sofa_final
745,110891955769_2.JPG,8,sofa_final
746,110891955769_3.JPG,8,sofa_final
747,110891955769_4.JPG,8,sofa_final
748,110911418454_0.JPG,8,sofa_final
749,110911418454_1.JPG,8,sofa_final
750,110911418454_2.JPG,8,sofa_final
751,110911418454_3.JPG,8,sofa_final
752,110911418454_4.JPG,8,sofa_final
753,110911418454_5.JPG,8,sofa_final
754,110911428319_0.JPG,8,sofa_final
755,110911428319_1.JPG,8,sofa_final
756,110911428319_2.JPG,8,sofa_final
757,110911428319_3.JPG,8,sofa_final
758,110911428319_4.JPG,8,sofa_final
759,110911428319_5.JPG,8,sofa_final
760,110911428319_6.JPG,8,sofa_final
761,110911428319_7.JPG,8,sofa_final
762,110914350151_0.JPG,8,sofa_final
763,110914350151_1.JPG,8,sofa_final
764,110914350151_10.JPG,8,sofa_final
765,110914350151_11.JPG,8,sofa_final
766,110914350151_2.JPG,8,sofa_final
767,110914350151_3.JPG,8,sofa_final
768,110914350151_4.JPG,8,sofa_final
769,110914350151_5.JPG,8,sofa_final
770,110914350151_6.JPG,8,sofa_final
771,110914350151_7.JPG,8,sofa_final
772,110914350151_8.JPG,8,sofa_final
773,110914350151_9.JPG,8,sofa_final
774,110917215440_0.JPG,8,sofa_final
775,110917215440_1.JPG,8,sofa_final
776,110917215440_2.JPG,8,sofa_final
777,110917215440_3.JPG,8,sofa_final
778,110917215440_4.JPG,8,sofa_final
779,110917215440_5.JPG,8,sofa_final
780,110917215440_6.JPG,8,sofa_final
781,110919873372_0.JPG,8,sofa_final
782,110919873372_1.JPG,8,sofa_final
783,110919873372_10.JPG,8,sofa_final
784,110919873372_2.JPG,8,sofa_final
785,110919873372_3.JPG,8,sofa_final
786,110919873372_4.JPG,8,sofa_final
787,110919873372_5.JPG,8,sofa_final
788,110919873372_6.JPG,8,sofa_final
789,110919873372_7.JPG,8,sofa_final
790,110919873372_8.JPG,8,sofa_final
791,110919873372_9.JPG,8,sofa_final
792,111017055799_0.JPG,8,sofa_final
793,111017055799_1.JPG,8,sofa_final
794,111017055799_2.JPG,8,sofa_final
795,111153843398_0.JPG,8,sofa_final
796,111153843398_1.JPG,8,sofa_final
797,111153843398_2.JPG,8,sofa_final
798,111153843398_3.JPG,8,sofa_final
799,111153843398_4.JPG,8,sofa_final
800,111153843398_5.JPG,8,sofa_final
801,111153843398_6.JPG,8,sofa_final
802,111587392786_0.JPG,8,sofa_final
803,111587392786_1.JPG,8,sofa_final
804,111617600539_0.JPG,8,sofa_final
805,111617600539_1.JPG,8,sofa_final
806,111617600566_0.JPG,8,sofa_final
807,111617600566_1.JPG,8,sofa_final
808,111617600570_0.JPG,8,sofa_final
809,111617600570_1.JPG,8,sofa_final
810,111617603658_0.JPG,8,sofa_final
811,111617603658_1.JPG,8,sofa_final
812,111617603658_2.JPG,8,sofa_final
813,111632782723_0.JPG,8,sofa_final
814,111632782723_1.JPG,8,sofa_final
815,111632782723_2.JPG,8,sofa_final
816,111652483124_0.JPG,8,sofa_final
817,111652483124_1.JPG,8,sofa_final
818,111652483124_2.JPG,8,sofa_final
819,111652483124_3.JPG,8,sofa_final
820,110463902726_0.JPG,9,stapler_final
821,110463902726_1.JPG,9,stapler_final
822,110463902726_2.JPG,9,stapler_final
823,110463902726_3.JPG,9,stapler_final
824,110463902726_4.JPG,9,stapler_final
825,110463902726_5.JPG,9,stapler_final
826,110510731367_0.JPG,9,stapler_final
827,110510731367_1.JPG,9,stapler_final
828,110664762277_0.JPG,9,stapler_final
829,110664762277_1.JPG,9,stapler_final
830,110748994941_0.JPG,9,stapler_final
831,110748994941_1.JPG,9,stapler_final
832,110748994941_2.JPG,9,stapler_final
833,110748994941_3.JPG,9,stapler_final
834,110748994941_4.JPG,9,stapler_final
835,110748994941_5.JPG,9,stapler_final
836,111030489616_0.JPG,9,stapler_final
837,111030489616_1.JPG,9,stapler_final
838,111030489616_2.JPG,9,stapler_final
839,111030489616_3.JPG,9,stapler_final
840,111030489616_4.JPG,9,stapler_final
841,111030489616_5.JPG,9,stapler_final
842,111163187109_0.JPG,9,stapler_final
843,111163187109_1.JPG,9,stapler_final
844,111163187109_2.JPG,9,stapler_final
845,111170129157_0.JPG,9,stapler_final
846,111170129157_1.JPG,9,stapler_final
847,111170129157_2.JPG,9,stapler_final
848,111178901327_0.JPG,9,stapler_final
849,111178901327_1.JPG,9,stapler_final
850,111178901327_10.JPG,9,stapler_final
851,111178901327_2.JPG,9,stapler_final
852,111178901327_3.JPG,9,stapler_final
853,111178901327_4.JPG,9,stapler_final
854,111178901327_5.JPG,9,stapler_final
855,111178901327_6.JPG,9,stapler_final
856,111178901327_7.JPG,9,stapler_final
857,111178901327_8.JPG,9,stapler_final
858,111178901327_9.JPG,9,stapler_final
859,111204344009_0.JPG,9,stapler_final
860,111204344009_1.JPG,9,stapler_final
861,111204344009_2.JPG,9,stapler_final
862,111204344009_3.JPG,9,stapler_final
863,111204344009_4.JPG,9,stapler_final
864,111204344009_5.JPG,9,stapler_final
865,111204344009_6.JPG,9,stapler_final
866,111204508635_0.JPG,9,stapler_final
867,111204508635_1.JPG,9,stapler_final
868,111302566480_0.JPG,9,stapler_final
869,111302566480_1.JPG,9,stapler_final
870,111302566480_2.JPG,9,stapler_final
871,111302566480_3.JPG,9,stapler_final
872,111404426741_0.JPG,9,stapler_final
873,111404426741_1.JPG,9,stapler_final
874,111404426741_2.JPG,9,stapler_final
875,111425267339_0.JPG,9,stapler_final
876,111425267339_1.JPG,9,stapler_final
877,111436012548_0.JPG,9,stapler_final
878,111436012548_1.JPG,9,stapler_final
879,111444596071_0.JPG,9,stapler_final
880,111444596071_1.JPG,9,stapler_final
881,111444596071_10.JPG,9,stapler_final
882,111444596071_11.JPG,9,stapler_final
883,111444596071_2.JPG,9,stapler_final
884,111444596071_3.JPG,9,stapler_final
885,111444596071_4.JPG,9,stapler_final
886,111444596071_5.JPG,9,stapler_final
887,111444596071_6.JPG,9,stapler_final
888,111444596071_7.JPG,9,stapler_final
889,111444596071_8.JPG,9,stapler_final
890,111444596071_9.JPG,9,stapler_final
891,111487650493_0.JPG,9,stapler_final
892,111487650493_1.JPG,9,stapler_final
893,111487650493_2.JPG,9,stapler_final
894,111487650493_3.JPG,9,stapler_final
895,111487650493_4.JPG,9,stapler_final
896,111523599397_0.JPG,9,stapler_final
897,111523599397_1.JPG,9,stapler_final
898,111564292327_0.JPG,9,stapler_final
899,111564292327_1.JPG,9,stapler_final
900,111564292327_2.JPG,9,stapler_final
901,111564292327_3.JPG,9,stapler_final
902,111564292327_4.JPG,9,stapler_final
903,111564292327_5.JPG,9,stapler_final
904,111564434807_0.JPG,9,stapler_final
905,111564434807_1.JPG,9,stapler_final
906,111564434807_2.JPG,9,stapler_final
907,111587172276_0.JPG,9,stapler_final
908,110819941624_0.JPG,10,table_final
909,110819941624_1.JPG,10,table_final
910,110819941624_2.JPG,10,table_final
911,110819941624_3.JPG,10,table_final
912,110850158332_0.JPG,10,table_final
913,110850158332_1.JPG,10,table_final
914,110850158332_2.JPG,10,table_final
915,111035163719_0.JPG,10,table_final
916,111035163719_1.JPG,10,table_final
917,111035163719_10.JPG,10,table_final
918,111035163719_2.JPG,10,table_final
919,111035163719_3.JPG,10,table_final
920,111035163719_4.JPG,10,table_final
921,111035163719_5.JPG,10,table_final
922,111035163719_6.JPG,10,table_final
923,111035163719_7.JPG,10,table_final
924,111035163719_8.JPG,10,table_final
925,111035163719_9.JPG,10,table_final
926,111059259113_0.JPG,10,table_final
927,111059259113_1.JPG,10,table_final
928,111059259113_2.JPG,10,table_final
929,111194782300_0.JPG,10,table_final
930,111194782300_1.JPG,10,table_final
931,111194782300_2.JPG,10,table_final
932,111194782300_3.JPG,10,table_final
933,111226306028_0.JPG,10,table_final
934,111226306028_1.JPG,10,table_final
935,111226306028_2.JPG,10,table_final
936,111233944007_0.JPG,10,table_final
937,111233944007_1.JPG,10,table_final
938,111233944007_2.JPG,10,table_final
939,111233944007_3.JPG,10,table_final
940,111233944007_4.JPG,10,table_final
941,111233944007_5.JPG,10,table_final
942,111233944007_6.JPG,10,table_final
943,111233944007_7.JPG,10,table_final
944,111233944007_8.JPG,10,table_final
945,111233944007_9.JPG,10,table_final
946,111277074514_0.JPG,10,table_final
947,111277074514_1.JPG,10,table_final
948,111277074514_2.JPG,10,table_final
949,111277074514_3.JPG,10,table_final
950,111277074514_4.JPG,10,table_final
951,111277074514_5.JPG,10,table_final
952,111289288243_0.JPG,10,table_final
953,111289288243_1.JPG,10,table_final
954,111289288243_10.JPG,10,table_final
955,111289288243_11.JPG,10,table_final
956,111289288243_2.JPG,10,table_final
957,111289288243_3.JPG,10,table_final
958,111289288243_4.JPG,10,table_final
959,111289288243_5.JPG,10,table_final
960,111289288243_6.JPG,10,table_final
961,111289288243_7.JPG,10,table_final
962,111289288243_8.JPG,10,table_final
963,111289288243_9.JPG,10,table_final
964,111323457065_0.JPG,10,table_final
965,111323457065_1.JPG,10,table_final
966,111323457065_2.JPG,10,table_final
967,111323457065_3.JPG,10,table_final
968,111325577910_0.JPG,10,table_final
969,111325577910_1.JPG,10,table_final
970,111325577910_10.JPG,10,table_final
971,111325577910_11.JPG,10,table_final
972,111325577910_2.JPG,10,table_final
973,111325577910_3.JPG,10,table_final
974,111325577910_4.JPG,10,table_final
975,111325577910_5.JPG,10,table_final
976,111325577910_6.JPG,10,table_final
977,111325577910_7.JPG,10,table_final
978,111325577910_8.JPG,10,table_final
979,111325577910_9.JPG,10,table_final
980,111330162429_0.JPG,10,table_final
981,111330162429_1.JPG,10,table_final
982,111330162429_2.JPG,10,table_final
983,111346236421_0.JPG,10,table_final
984,111346236421_1.JPG,10,table_final
985,111354487086_0.JPG,10,table_final
986,111354487086_1.JPG,10,table_final
987,111354487086_2.JPG,10,table_final
988,111354487086_3.JPG,10,table_final
989,111354487086_4.JPG,10,table_final
990,111354487086_5.JPG,10,table_final
991,111354487086_6.JPG,10,table_final
992,111354487086_7.JPG,10,table_final
993,111354487086_8.JPG,10,table_final
994,111374817218_0.JPG,10,table_final
995,111374817218_1.JPG,10,table_final
996,111374817218_2.JPG,10,table_final
997,111379806157_0.JPG,10,table_final
998,111379806157_1.JPG,10,table_final
999,111379806157_2.JPG,10,table_final
1000,111157129195_0.JPG,11,toaster_final
1001,111157129195_1.JPG,11,toaster_final
1002,111174114398_0.JPG,11,toaster_final
1003,111174114398_1.JPG,11,toaster_final
1004,111174114398_2.JPG,11,toaster_final
1005,111174114398_3.JPG,11,toaster_final
1006,111430053466_0.JPG,11,toaster_final
1007,111430053466_1.JPG,11,toaster_final
1008,111447158204_0.JPG,11,toaster_final
1009,111447158204_1.JPG,11,toaster_final
1010,111447158204_2.JPG,11,toaster_final
1011,111447158204_3.JPG,11,toaster_final
1012,111447158204_4.JPG,11,toaster_final
1013,111447158204_5.JPG,11,toaster_final
1014,111447158204_6.JPG,11,toaster_final
1015,111477419697_0.JPG,11,toaster_final
1016,111477419697_1.JPG,11,toaster_final
1017,111477419697_2.JPG,11,toaster_final
1018,111477419697_3.JPG,11,toaster_final
1019,111477419697_4.JPG,11,toaster_final
1020,111477419697_5.JPG,11,toaster_final
1021,111477419697_6.JPG,11,toaster_final
1022,111487906660_0.JPG,11,toaster_final
1023,111487906660_1.JPG,11,toaster_final
1024,111487906660_2.JPG,11,toaster_final
1025,111487906660_3.JPG,11,toaster_final
1026,111487906660_4.JPG,11,toaster_final
1027,111487906660_5.JPG,11,toaster_final
1028,111487906660_6.JPG,11,toaster_final
1029,111487906660_7.JPG,11,toaster_final
1030,111487906660_8.JPG,11,toaster_final
1031,111505382987_0.JPG,11,toaster_final
1032,111505382987_1.JPG,11,toaster_final
1033,111551214238_0.JPG,11,toaster_final
1034,111551214238_1.JPG,11,toaster_final
1035,111551214238_2.JPG,11,toaster_final
1036,111570194779_0.JPG,11,toaster_final
1037,111570194779_1.JPG,11,toaster_final
1038,111589543154_0.JPG,11,toaster_final
1039,111589543154_1.JPG,11,toaster_final
1040,111589543154_2.JPG,11,toaster_final
1041,111589543154_3.JPG,11,toaster_final
1042,111589543154_4.JPG,11,toaster_final
1043,111589543154_5.JPG,11,toaster_final
1044,111589543154_6.JPG,11,toaster_final
1045,111589543154_7.JPG,11,toaster_final
1046,111591173845_0.JPG,11,toaster_final
1047,111591173845_1.JPG,11,toaster_final
1048,111591173845_2.JPG,11,toaster_final
1049,111591173845_3.JPG,11,toaster_final
1050,111606600825_0.JPG,11,toaster_final
1051,111606600825_1.JPG,11,toaster_final
1052,111606600825_2.JPG,11,toaster_final
1053,111606600825_3.JPG,11,toaster_final
1054,111606608847_0.JPG,11,toaster_final
1055,111606608847_1.JPG,11,toaster_final
1056,111606608847_2.JPG,11,toaster_final
1057,111614463323_0.JPG,11,toaster_final
1058,111614463323_1.JPG,11,toaster_final
1059,111614463323_2.JPG,11,toaster_final
1060,111634164509_0.JPG,11,toaster_final
1061,111634164509_1.JPG,11,toaster_final
1062,111659451980_0.JPG,11,toaster_final
1063,111659451980_1.JPG,11,toaster_final
1064,111659451980_2.JPG,11,toaster_final
1065,111659451980_3.JPG,11,toaster_final
1066,111659451980_4.JPG,11,toaster_final
1067,111659451980_5.JPG,11,toaster_final
1068,111659451980_6.JPG,11,toaster_final
1069,111660030649_0.JPG,11,toaster_final
1070,111660030649_1.JPG,11,toaster_final
1071,111660030649_2.JPG,11,toaster_final
1072,111669554516_0.JPG,11,toaster_final
1073,111669554516_1.JPG,11,toaster_final
1074,111669554516_2.JPG,11,toaster_final
1075,111669554516_3.JPG,11,toaster_final
1076,111669554516_4.JPG,11,toaster_final
1077,111678951949_0.JPG,11,toaster_final
1078,111678951949_1.JPG,11,toaster_final
1079,111678951949_2.JPG,11,toaster_final
1080,111678951949_3.JPG,11,toaster_final
1081,111678951949_4.JPG,11,toaster_final
1082,111678951949_5.JPG,11,toaster_final
